{"cameraMode":{"drawMode":0,"name":"Shaded","section":"Shading Mode"},"sceneLighting":false,"audioPlay":false,"sceneViewState":{"m_AlwaysRefresh":false,"showFog":true,"showSkybox":false,"showFlares":true,"showImageEffects":true,"showParticleSystems":true,"showVisualEffectGraphs":true,"m_FxEnabled":true},"in2DMode":false,"pivot":{"x":-0.36301422119140627,"y":0.08633805811405182,"z":0.11485216021537781},"rotation":{"x":-0.17457935214042664,"y":0.1403735727071762,"z":-0.025153717026114465,"w":-0.9742610454559326},"size":1.8406788110733033,"orthographic":false}