{"cameraMode":{"drawMode":0,"name":"Shaded","section":"Shading Mode"},"sceneLighting":false,"audioPlay":false,"sceneViewState":{"m_AlwaysRefresh":false,"showFog":true,"showSkybox":false,"showFlares":true,"showImageEffects":true,"showParticleSystems":true,"showVisualEffectGraphs":true,"m_FxEnabled":true},"in2DMode":false,"pivot":{"x":0.4515056014060974,"y":0.11939847469329834,"z":0.4940342903137207},"rotation":{"x":-0.22320272028446198,"y":-0.04180553928017616,"z":0.00958192627876997,"w":-0.9738279581069946},"size":2.6176304817199709,"orthographic":false}